{
  "best_validation_loss": 0.006919562758412212,
  "device": "cuda",
  "epochs": 20,
  "global_step": 640,
  "seconds": 79.36795926094055
}