{
  "best_validation_loss": 0.003951082559069619,
  "device": "cuda",
  "epochs": 20,
  "global_step": 640,
  "seconds": 62.062034606933594
}