{
  "best_validation_loss": 0.003932750638341531,
  "device": "cuda",
  "epochs": 20,
  "global_step": 640,
  "seconds": 63.881831884384155
}