{
  "best_validation_loss": 0.007489925541449338,
  "device": "cuda",
  "epochs": 20,
  "global_step": 640,
  "seconds": 54.21424198150635
}